Name	Libraries
W001	L1
W002	L1
W003	L1
W004	L1
W005	L1
W006	L1
W007	L1
W008	L1
W009	L1
W010	L1
W011	L1
W012	L1
W013	L1
W014	L1
W015	L1
W016	L1
W017	L1
W018	L1
W019	L1,L2,L3
W020	L1
W021	L1
W022	L1
W023	L1,L2,L3
W025	L1,L2,L3
W026	L1,L2,L3
W027	L1,L2,L3
W028	L1,L2,L3
W029	L1,L2,L3
W030	L1
W031	L1
W032	L1
W033	L1
W034	L1
W035	L1
W036	L1
W037	L1
W038	L1
W039	L1
W040	L1
W041	L1
W042	L1
W043	L1
W044	L1
W045	L1
W046	L1
W047	L1
W048	L1
W049	L1
W050	L1
W051	L1
W052	L1,L2,L3
W053	L1,L2,L3
W054	L1,L2,L3
W055	L1
W056	L1,L2,L3
W057	L1
W058	L1
W059	L1
W060	L1
W061	L1
W062	L1
W063	L1
W064	L1
W065	L1,L2,L3
W066	L1
W067	L1
W068	L1,L2,L3
W069	L1,L2,L3
W070	L1,L2,L3
W071	L1
W072	L1
W073	L1
W074	L1
W075	L1,L2,L3
W076	L1
W077	L1
W078	L1,L2,L3
W079	L1
W080	L1
W081	L1
W082	L1
W083	L1
W084	L1
W085	L1
W086	L1
W087	L1
W088	L1
W089	L1
W090	L1
W091	L1,L2,L3
W092	L1
W093	L1
W094	L1,L2,L3
W095	L1
W096	L1,L2,L3
W097	L1
W098	L1
W099	L1
W100	L1
W101	L1
W102	L1
W103	L1
W104	L1
W105	L1,L2,L3
W106	L1
W107	L1
W108	L1
W109	L1
W110	L1
W111	L1
W112	L1
W113	L1
W114	L1
W115	L1
W116	L1
W117	L1
W118	L1
W119	L1
W120	L1,L2
W121	L1
W122	L1
W123	L1
W124	L1
W125	L1
W126	L1
W127	L1
W128	L1
W129	L1
W130	L1
W131	L1
W132	L1
W133	L1
W134	L1
W135	L1
W136	L1
W137	L1
W138	L1
W139	L1
W140	L1
W141	L1
W142	L1
W143	L1
W144	L1
W145	L1
W146	L1
W147	L1
W148	L1
W149	L1
W150	L1
W151	L1
W152	L1
W153	L1
W154	L1
W155	L1
W156	L1
W157	L1
W158	L1
W159	L1
W160	L1
W161	L1
W162	L1
W163	L1
W164	L1
W165	L1
W166	L1
W167	L1
W168	L1
W169	L1
W170	L1
W171	L1
W172	L1
W173	L1
W174	L1
W175	L1
W176	L1
W177	L1
W178	L1
W179	L1
W180	L1
W181	L1
W182	L1
W183	L1
W184	L1
W185	L1
W186	L1
W187	L1
W188	L1
W189	L1
W190	L1
W191	L1
W192	L1
W193	L1
W194	L1
W195	L1
W196	L1
W197	L1
W198	L1
W199	L1
W200	L1
W201	L1
W202	L1
W203	L1
W204	L1
W205	L1
W206	L1
W207	L1
W208	L1
W209	L1
W210	L1
W211	L1
W212	L1
W213	L1
W214	L1
W215	L1
W216	L1
W217	L1
W218	L1
W219	L1
W220	L1
W221	L1
W222	L1
W223	L1
W224	L1
W225	L1
W226	L1
W227	L1
W228	L1
W229	L1
W230	L1
W231	L1
W232	L1
W233	L1
W234	L1
W235	L1
W236	L1,L2
W237	L1,L2
W238	L1,L2
W239	L1,L2
W240	L1,L2
W241	L1,L2
W242	L1,L2
W243	L1,L2
W244	L1
W245	L1
W246	L1
W247	L1
W248	L1
W249	L1
W250	L1
W251	L1
W252	L1
W253	L1
W254	L1
W255	L1
W256	L1
W257	L1
W258	L1
W259	L1
W260	L1
W261	L1
W262	L1
W263	L1
W264	L1
W265	L1
W266	L1
W267	L1
W268	L1
W269	L1
W270	L1
W271	L1
W272	L1
W273	L1
W274	L1
W275	L1
W276	L1
W277	L1
W278	L1
W279	L1
W280	L1
W281	L1
W282	L1,L2
W283	L1
W284	L1
W285	L1
W286	L1
W287	L1
W288	L1
W289	L1
W290	L1
W291	L1
W292	L1
W293	L1
W294	L1
W295	L1
W296	L1
W297	L1
W298	L1
W299	L1
W300	L1
W301	L1
W302	L1
W303	L1
W304	L1
W305	L1
W306	L1
W307	L1
W308	L1
W309	L1
W310	L1
W311	L1
W312	L1
W313	L1
W314	L1
W315	L1
W316	L1
W317	L1
W318	L1
W319	L1
W320	L1
W321	L1
W322	L1
W323	L1
W324	L1
W325	L1
W326	L1,L2
W327	L1
W328	L1
W329	L1
W330	L1
W331	L1
W332	L1
W333	L1
W334	L1
W335	L1
W336	L1
W337	L1
W338	L1
W339	L1,L2
W340	L1
W341	L1
W342	L1
W343	L1
W344	L1
W345	L1
W346	L1
W347	L1
W348	L1
W349	L1
W350	L1
W351	L1
W352	L1
W353	L1
W354	L1
W355	L1
W356	L1
W357	L1
W358	L1
W359	L1
W360	L1
W361	L1
W362	L1
W363	L1
W364	L1
W365	L1
W366	L1
W367	L1
W368	L1
W369	L1
W370	L1
W371	L1
W372	L1
W373	L1
W374	L1
W375	L1
W376	L1
W377	L1
W378	L1
W379	L1
W380	L1
W381	L1
W382	L1
W383	L1
W384	L1
W385	L1
W386	L1
W387	L1
W388	L1
W389	L1
W390	L1
W391	L1
W392	L1
W393	L1
W394	L1
W395	L1
W396	L1
W397	L1
W398	L1
W399	L1
W400	L1
W401	L1
W402	L1
W403	L1
W404	L1
W405	L1
W406	L1
W407	L1
W408	L1
W409	L1
W410	L1
W411	L1
W412	L1
W413	L1
W414	L1
W415	L1
W416	L1
W417	L1
W418	L1
W419	L1
W420	L1
W421	L1
W422	L1
W423	L1
W424	L1
W425	L1
W426	L1
W427	L1
W428	L1
W429	L1
W430	L1
W431	L1
W432	L1
W433	L1
W434	L1
W435	L1
W436	L1
W437	L1
W438	L1
W440	L1,L2
W446	L1
W450	L1,L2
W453	L1,L2
W454	L1
W455	L1
W462	L1
W470	L1
W478	L1
W481	L1
W485	L1
W486	L1
W493	L1
W494	L1
W501	L1,L2
W502	L1
W503	L1,L2
W504	L1,L2
W505	L1
W506	L1
W507	L1
W508	L1
W509	L1
W510	L1
W511	L1
W512	L1
W513	L1
W514	L1
W515	L1
W516	L1
W517	L1
W518	L1
W519	L1
W520	L1
W521	L1
W522	L1
W523	L1
W524	L1
W525	L1
W526	L1
W527	L1
W528	L1
W529	L1
W530	L1
W531	L1
W532	L1
W533	L1
W534	L1
W535	L1
W536	L1
W537	L1
W538	L1
W539	L1
W540	L1
W541	L1
W542	L1
W543	L1
W544	L1
W545	L1
W546	L1
W547	L1
W548	L1
W549	L1
W550	L1
W551	L1
W552	L1
W553	L1
W554	L1
W555	L1
W556	L1
W557	L1
W558	L1
W559	L1
W560	L1
W561	L1
W562	L1
W563	L1
W564	L1
W565	L1
W566	L1
W567	L1
W568	L1
W569	L1
W570	L1
W571	L1
W572	L1
W573	L1
W574	L1
W575	L1
W576	L1
W577	L1
W578	L1
W579	L1
W580	L1
W581	L1
W582	L1
W583	L1
W584	L1
W585	L1
W586	L1
W587	L1
W588	L1,L2
W589	L1
W590	L1
W591	L1
W592	L1
W593	L1
W594	L1
W595	L1
W628	L1,L2,L3
W629	L1,L2,L3
W630	L1,L2,L3
W631	L1,L2,L3
W632	L1,L2,L3
W633	L1,L2,L3
W634	L1,L2,L3
W635	L1,L2,L3
W636	L1,L2,L3
W637	L1,L2,L3
W638	L1,L2,L3
W639	L1,L2,L3
W640	L1,L2,L3
W641	L1,L2,L3
W642	L1,L2,L3
W643	L1,L2,L3
W644	L1,L2,L3
W645	L1,L2,L3
W646	L1,L2,L3
W647	L1,L2,L3
W648	L1,L2,L3
W649	L1,L2,L3
W650	L1,L2,L3
W651	L1,L2,L3
W652	L1,L2
W653	L1,L2,L3
W654	L1,L2,L3
W655	L1,L2,L3
W656	L1,L2,L3
W657	L1,L2,L3
W658	L1,L2,L3
W659	L1,L2,L3
W660	L1,L2,L3
W661	L1,L2,L3
W662	L1,L2,L3
W663	L1,L2,L3
W664	L1,L2,L3
W665	L1,L2,L3
W666	L1,L2,L3
W667	L1,L2,L3
W668	L1,L2,L3
W669	L1,L2,L3
W670	L1,L2,L3
W671	L1,L2,L3
W672	L1,L2,L3
W673	L1,L2,L3
W674	L1,L2,L3
W675	L1,L2,L3
W676	L1,L2,L3
W677	L1,L2,L3
W678	L1,L2,L3
W679	L1,L2,L3
W680	L1,L2,L3
W681	L1,L2,L3
W682	L1,L2,L3
W683	L1,L2,L3
W684	L1,L2,L3
W685	L1,L2,L3
W686	L1,L2,L3
W687	L1,L2,L3
W688	L1,L2,L3
W689	L1,L2,L3
W690	L1,L2,L3
W691	L1,L2,L3
W692	L1,L2,L3
W693	L1,L2,L3
W694	L1,L2,L3
W695	L1,L2,L3
W696	L1,L2,L3
W697	L1,L2,L3
W698	L1,L2,L3
W699	L1,L2,L3
W700	L1,L2,L3
W701	L1,L2,L3
W702	L1,L2,L3
W703	L1,L2,L3
W704	L1,L2,L3
W705	L1,L2,L3
W706	L1,L2,L3
W707	L1,L2,L3
W708	L1,L2,L3
W709	L1,L2,L3
W710	L1,L2,L3
W711	L1,L2,L3
W712	L1,L2,L3
W713	L1,L2,L3
W714	L1,L2,L3
W715	L1
W716	L1
W717	L1
W718	L1
W719	L1
W720	L1
W721	L1
W722	L1
W723	L1
W724	L1
W725	L1
W726	L1
W727	L1
W728	L1
W729	L1
W730	L1
W731	L1
W732	L1
W733	L1
W734	L1
W735	L1
W736	L1
W737	L1
W738	L1
W739	L1
W740	L1
W741	L1
W742	L1
W743	L1
W744	L1
W745	L1
W746	L1
W747	L1
W748	L1
W749	L1
W750	L1
W751	L1
W752	L1
W753	L1
W754	L1
W755	L1
W756	L1
W757	L1
W758	L1
W759	L1
W760	L1
W761	L1
W762	L1
W763	L1
W764	L1
W765	L1
W766	L1
W767	L1
W768	L1
W769	L1
W770	L1
W771	L1
W772	L1
W773	L1
W774	L1
W775	L1
W776	L1
W777	L1
W778	L1
W779	L1
W780	L1
W781	L1
W782	L1
W783	L1
W784	L1
W785	L1
W786	L1
W787	L1
W788	L1
W789	L1
W790	L1
W791	L1
W792	L1
W793	L1
W794	L1
W795	L1
W796	L1
W797	L1
W798	L1
W799	L1
W800	L1
W801	L1
W802	L1
W803	L1
W804	L1,L2
W805	L1,L2
W806	L1
W807	L1
W808	L1
W809	L1
W810	L1
W811	L1
W812	L1
W813	L1,L2
W814	L1
W815	L1
W816	L1
W817	L1
W818	L1
W819	L1
W820	L1
W821	L1
W822	L1
W823	L1
W824	L1
W825	L1
W826	L1,L2
W827	L1,L2
W828	L1,L2
W829	L1,L2
W830	L1
